cluster_number,cluster_id,cluster_name,product_group,products,link,image
5,1,"Pop Culture Icons: Kardashian, Music & Fashion",Kardashian-Jenner Fashion & Beauty,Kylie Jenner Lip Kits,https://kyliecosmetics.com/collections/kylie-cosmetics-lips-lip-kits,https://kyliecosmetics.com/cdn/shop/products/gkmjgkgk26n0ejcomsdm.jpg?crop=center&height=600&v=1676330018&width=600
5,1,"Pop Culture Icons: Kardashian, Music & Fashion",Kardashian-Jenner Fashion & Beauty,Kim Kardashian Skims Collection,https://skims.com/,https://cdn.skims.com/images/hfqi0zm0/production/9be5d03a2096a1b7708196e4291d482a115d5839-3000x1298.jpg?w=1944&q=95&auto=format
5,1,"Pop Culture Icons: Kardashian, Music & Fashion",Kardashian-Jenner Fashion & Beauty,Kendall Jenner’s Model-Inspired Fashion,https://www.vogue.co.uk/fashion/article/kendall-jenner-style,"https://media.vogue.co.uk/photos/629494e673fcb8b791b84c36/2:3/w_1920,c_limit/GettyImages-1346773842.jpg"
5,1,"Pop Culture Icons: Kardashian, Music & Fashion",Pop Music Merchandise,Britney Spears Iconic Merch,https://store.britneyspears.com/,https://store.britneyspears.com/cdn/shop/files/BS_BOMT_banner1_fad32866-7966-4439-961e-b09d97a715c3.png?v=1705073038&width=1600
5,1,"Pop Culture Icons: Kardashian, Music & Fashion",Pop Music Merchandise,Lady Gaga Collections,https://shop.ladygaga.com/,https://shop.ladygaga.com/cdn/shop/files/Banner_Desktop-02.png?v=1727192456&width=2000
5,1,"Pop Culture Icons: Kardashian, Music & Fashion",Pop Music Merchandise,Zendaya Music & Movie Combo Box Set,https://www.amazon.com/Spider-man-Collection-Blu-ray-Spider-Verse-Homecoming/dp/B08FV6TRSH,https://m.media-amazon.com/images/I/51mICCdRL6L._SX342_.jpg
5,1,"Pop Culture Icons: Kardashian, Music & Fashion",Celebrity Fashion & Lifestyle,Beyoncé Ivy Park Collection,https://www.vanityfair.com/style/photos/2021/12/beyonces-new-ivy-park-new-collection-is-here-shop-the-halls-of-ivy,https://media.vanityfair.com/photos/61b11d0c79f401e1b62bec8f/3:4/w_1920%2Cc_limit/HC5969_FR_Torso.jpg
5,1,"Pop Culture Icons: Kardashian, Music & Fashion",Celebrity Fashion & Lifestyle,Serena Williams x Nike Tennis Apparel,Serena Williams Collection. Nike.com,"https://static.nike.com/a/images/c_limit,w_592,f_auto/t_product_v1/39f91efc-7cd7-4742-ba66-949f38823e8f/W+NSW+SWDC+OS+BOMBER.png"
5,1,"Pop Culture Icons: Kardashian, Music & Fashion",Celebrity Fashion & Lifestyle,Miley Cyrus Vintage Rock Apparel,https://shop.mileycyrus.com/,https://shop.mileycyrus.com/cdn/shop/files/FlatlayFront_360x.png?v=1715892795
5,2,NBA & WWE,Sports Apparel and Merchandise,LeBron James Lakers Jersey,https://global.nbastore.com/en/?CMP=FUS-KYDILES9&portal=KYDILES9,https://images.footballfanatics.com/logo-gear/nba-nike-team-31-shorts-mens_ss5_p-13374249+u-n7vnfc5acmpblmlp4y39+v-rq63w9b4u54lzsnvpedy.jpg?_hv=2&w=340
5,2,NBA & WWE,Sports Apparel and Merchandise,WWE Championship Belt Replica,https://shop.wwe.com/en/title-belts/d-1206674874+z-996981-3123630157,https://images.footballfanatics.com/jey-uso/jey-uso-replica-side-plate-box-set_ss5_p-200761457+u-wawrfsrlccgarsycm49d+v-cxqbg3vghzbf7ak5cgad.jpg?_hv=2&w=340
5,2,NBA & WWE,Sports Apparel and Merchandise,"Kobe Bryant ""Mamba Forever"" Hoodie",https://stockx.com/nike-kobe-bryant-mamba-hoodie-black?msockid=297aa8aeecfe680f1fe3bcd6ed986912,https://images.stockx.com/images/vertical/Nike-Kobe-Bryant-Mamba-Hoodie-Black_1.jpg?fit=fill&bg=FFFFFF&w=396&h=504&auto=compress&dpr=1&fm=avif&q=57
5,2,NBA & WWE,Sports and Entertainment Collectibles,LeBron James Funko Pop! Figure,https://funko.com/pop-lebron-james/56356.html,https://funko.com/dw/image/v2/BGTS_PRD/on/demandware.static/-/Sites-funko-master-catalog/default/dwda426b28/images/funko/56356-1.png?sw=800&sh=800
5,2,NBA & WWE,Sports and Entertainment Collectibles,WWE Action Figures,https://shop.mattel.com/collections/wwe,"https://images.mattel.net/image/upload/w_360,h_360,c_pad/shop-us-prod/products/q3jwq2q75ujbjr4mauqn.jpg?v=1707934813"
5,2,NBA & WWE,Sports and Entertainment Collectibles,NBA Signed Basketballs,https://www.sportsmemorabilia.com/nba-memorabilia/fanatics-authentic-basketballs-signed/o-3558+br-918049+d-18337779+fa-67+z-9-11061757,https://www.sportsmemorabilia.com/nba-memorabilia/boston-celtics/larry-bird-boston-celtics-autographed-wilson-authentic-series-indoor/outdoor-basketball/o-1314+t-14362719+p-5089178801+z-8-960680242?_ref=p-FALP:m-GRID:i-r0c0:po-0
5,2,NBA & WWE,Video Games and Streaming,NBA 2K24,https://store.steampowered.com/app/2338770/NBA_2K24/,https://shared.akamai.steamstatic.com/store_item_assets/steam/apps/2338770/header.jpg?t=1723216182
5,2,NBA & WWE,Video Games and Streaming,WWE 2K24,https://www.xbox.com/en-US/games/store/wwe-2k24-for-xbox-series-xs/9NQSBF2V7XRR?msockid=297aa8aeecfe680f1fe3bcd6ed986912,https://store-images.s-microsoft.com/image/apps.49977.13763646345579078.49808769-6c36-4e7b-9bcb-c1cb6ee75bd8.96fe01b5-7d56-4d1b-9110-33bab7eadb4c?q=90&w=177&h=265
5,2,NBA & WWE,Video Games and Streaming,WWE Network Subscription,https://www.wwe.com/wwenetwork,https://www.a.peacocktv.com/dam/growth/assets/sportslandingpages/wwe/wwe-badblood-hero-2024-01.jpg?downsize=200:*&output-format=webp&output-quality=19
5,3,Music: Pop-Rock & EDM,Albums and Music Streaming,"Taylor Swift ""Midnights"" Album",https://www.amazon.com/s?k=Taylor+Swift+%22Midnights%22+Album&crid=14D7MVFZOJAXB&sprefix=taylor+swift+midnights+album%2Caps%2C771&ref=nb_sb_noss_1,https://m.media-amazon.com/images/I/71-wkZnha6L._AC_UY327_FMwebp_QL65_.jpg
5,3,Music: Pop-Rock & EDM,Albums and Music Streaming,"BLACKPINK ""The Album""",https://www.amazon.com/s?k=BLACKPINK+%22The+Album%22&crid=2NYHGF424FIA7&sprefix=blackpink+the+album+%2Caps%2C503&ref=nb_sb_noss_2,https://m.media-amazon.com/images/I/41IF1e95wrL._AC_UY327_FMwebp_QL65_.jpg
5,3,Music: Pop-Rock & EDM,Albums and Music Streaming,"Martin Garrix ""Sentio"" Album",https://music.apple.com/us/album/sentio/1621522781,https://is1-ssl.mzstatic.com/image/thumb/Video126/v4/bd/83/b0/bd83b0e2-7059-d50d-62de-51807cd952ce/Job3d668a25-a7ab-4231-9d2b-454d4cb528af-131718101-PreviewImage_preview_image_nonvideo_sdr-Time1652224780683.png/316x316bb.webp
5,3,Music: Pop-Rock & EDM,Concerts and Tours,"Taylor Swift ""Eras Tour"" Tickets",https://www.ticketmaster.com/taylor-swift-tickets/artist/1094215?msockid=297aa8aeecfe680f1fe3bcd6ed986912,https://s1.ticketm.net/dam/a/451/fc7b3533-8fde-4d26-b832-8a7e97d5f451_RETINA_PORTRAIT_3_2.jpg
5,3,Music: Pop-Rock & EDM,Concerts and Tours,Martin Garrix Live in Ibiza,https://www.theushuaiaexperience.com/en/club/events/martin-garrix,https://images.thenightleague.com/cms/containers/assets/2024/2024_garrix/2024_ushuaia_martingarrix_launch_square-1080x1080px.jpg/402ec3b99c65680dee35d2b8442b28a6/2024_ushuaia_martingarrix_launch_square-1080x1080px.webp
5,3,Music: Pop-Rock & EDM,Concerts and Tours,Marshmello Tour Tickets,https://www.marshmellomusic.com/pages/tour?srsltid=AfmBOopU98S0YThoSTmbAyNT-hQuMGiFE6wkZ8nAFoWWGHvAqCXvmuQ2,https://seated.imgix.net/28bd68a5-0ca6-48db-bed1-849a6c76c54f/661bd1c1-b1fb-49ee-ab14-adf925b628fb.jpg?q=75&w=512&h=288&fit=crop&crop=faces%2Ctop&ar=16%3A9&auto=format&dpr=1
5,3,Music: Pop-Rock & EDM,Artist Merchandise and Collectibles,"Justin Bieber ""Belieber"" T-shirt",https://www.amazon.com/justin-bieber-t-shirts/s?k=justin+bieber+t+shirts,https://m.media-amazon.com/images/I/71Rp06yq4WL._AC_UL480_FMwebp_QL65_.jpg
5,3,Music: Pop-Rock & EDM,Artist Merchandise and Collectibles,BLACKPINK Light Stick,https://shop.weverse.io/en/shop/GL_USD/artists/32/sales/9619,https://cdn-contents.weverseshop.io/public/shop/c0bb0cade706c6aa6e1f830d047924a0.png?q=95&w=720
5,3,Music: Pop-Rock & EDM,Artist Merchandise and Collectibles,"Taylor Swift ""Folklore"" Vinyl Record",https://www.amazon.com/folklore-Deluxe-VINYL-Taylor-Swift/dp/B08DSS7Y2M,https://m.media-amazon.com/images/I/617oudVIaRL._SX425_.jpg
5,4,Bollywood & Sports,Bollywood DVDs and Blu-rays,Shah Rukh Khan and Salman Khan Films,https://www.amazon.com/King-Shahrukh-Bollywood-English-Subtitles/dp/B004F0LEMO,https://m.media-amazon.com/images/I/81e-QoGIreL._SY445_.jpg
5,4,Bollywood & Sports,Bollywood DVDs and Blu-rays,Blockbuster Bollywood: Top 10 Movies Collection,https://www.amazon.com/Movies-Bollywood-Blu-ray/s?rh=n%3A2901954011%2Cp_n_theme_browse-bin%3A7661505011,https://m.media-amazon.com/images/I/91+l7t13-XL._AC_UY327_FMwebp_QL65_.jpg
5,4,Bollywood & Sports,Bollywood DVDs and Blu-rays,Cricket and Cinema: Bollywood Films About the Favorite Sport of India,https://www.cricketvideo.com/index.php?cPath=22,"https://m.media-amazon.com/images/I/51f075mfuAL._AC_UF894,1000_QL80_.jpg"
5,4,Bollywood & Sports,Sports Celebrity Merchandise,Cristiano Ronaldo Signature Footwear,https://www.nike.com/w/cristiano-ronaldo-shoes-69np1zy7ok?msockid=297aa8aeecfe680f1fe3bcd6ed986912,"https://static.nike.com/a/images/c_limit,w_592,f_auto/t_product_v1/bb40352b-540b-4437-b32f-fa0525626bd6/ZOOM+SUPERFLY+9+MDS+ELITE+FG.png"
5,4,Bollywood & Sports,Sports Celebrity Merchandise,Virat Kohli Cricket Gear,https://cricketdirect.co.uk/collections/mrf-cricket-bats,https://cricketdirect.co.uk/cdn/shop/products/MRF-King-bat-face_300x.jpg?v=1707748931
5,4,Bollywood & Sports,Sports Celebrity Merchandise,Lionel Messi Football Jerseys,https://www.adidas.com/us/lionel_messi-jerseys?msockid=297aa8aeecfe680f1fe3bcd6ed986912,"https://assets.adidas.com/images/w_383,h_383,f_auto,q_auto,fl_lossy,c_fill,g_auto/5f80f3c9f5f84d019163b8cac17abfce_9366/argentina-24-long-sleeve-messi-home-authentic-jersey.jpg"
5,4,Bollywood & Sports,Entertainment & Sports Collaborations,Bollywood-Themed Sports Events,https://www.amazon.com/s?k=Bollywood-Themed+Sports+Events&crid=3K5DXQN5PQLC6&sprefix=bollywood-themed+sports+events%2Caps%2C292&ref=nb_sb_noss,https://m.media-amazon.com/images/I/71OMWotPiaL._AC_UY327_FMwebp_QL65_.jpg
5,4,Bollywood & Sports,Entertainment & Sports Collaborations,Fantasy Sports with Bollywood Influencers,https://www.amazon.com/s?k=Fantasy+Sports+with+Bollywood+Influencers&crid=1UACF3CTDKZEN&sprefix=bollywood-themed+sports+events%2Caps%2C293&ref=nb_sb_noss,https://m.media-amazon.com/images/I/61WnN2EJXlL._AC_UY327_FMwebp_QL65_.jpg
5,4,Bollywood & Sports,Entertainment & Sports Collaborations,Sachin Tendulkar and Boost,https://www.amazon.com/s?k=Sachin+Tendulkar+and+Boost&crid=14K8JV4E8V6VZ&sprefix=sachin+tendulkar+and+boost%2Caps%2C306&ref=nb_sb_noss,https://m.media-amazon.com/images/I/91KHqi9z5rL._AC_UY327_FMwebp_QL65_.jpg
5,5,Hollywood & Entertainment Icons,Celebrity Merchandise,Jennifer Aniston Collection,https://www.amazon.com/Jennifer-Aniston-Collection-Affection-Picture/dp/B000JF28GA,https://m.media-amazon.com/images/I/41RjislbXlL._SY300_SX300_QL70_FMwebp_.jpg
5,5,Hollywood & Entertainment Icons,Celebrity Merchandise,Conan O'Brien Memorabilia,https://www.hollywoodmemorabilia.com/en/conan-obrien/a-1360948482+z-955545-2651578719,https://images.footballfanatics.com/conan-obrien-autographed-celebrity-8x10-photo-jsa_ss1_p-202221503+u-ntondxfqjmpizezgoinh+v-msnbrillhjrzpwhdavxu.jpg?_hv=2&w=340
5,5,Hollywood & Entertainment Icons,Celebrity Merchandise,Jessica Chastain Fashion Line,https://www.vogue.com/slideshow/jessica-chastain-gucci-milan-fashion-week,https://assets.vogue.com/photos/66edd78c96c7e0f772dbe634/16:9/w_1920%2Cc_limit/IMG_1710.jpg
5,5,Hollywood & Entertainment Icons,Entertainment Experiences,Hollywood Star Tour,https://www.viator.com/Los-Angeles-tourism/d645-r1229254079348004-s42120788?m=33953&supag=1231454042613094&supsc=dat-2328765627982261&supai=76966009189488&supdv=c&supnt=nt:o&suplp=142877&supli=&supti=dat-2328765627982261&tsem=true&supci=dat-2328765627982261&supkw=Hollywood%20Star%20Tour&msclkid=156872b803651f8587431456a8d51ca7,https://media.tacdn.com/media/attractions-splice-spp-360x240/13/a6/6f/02.jpg
5,5,Hollywood & Entertainment Icons,Entertainment Experiences,VIP Tickets to Family Feud,https://www.familyfeud.com/tickets/,https://on-camera-audiences.com/shows/Family_FeudAtlanta/img
5,5,Hollywood & Entertainment Icons,Entertainment Experiences,Film Festival Passes,https://filmfestival.tcm.com/attend/,https://cdn.dribbble.com/users/4934721/screenshots/17464287/media/83c437b6d1623940037bf37dacfa3e5b.jfif?resize=400x300&vertical=center
5,5,Hollywood & Entertainment Icons,Media & Content,Hollywood Insider Podcasts,https://www.amazon.com/s?k=Hollywood+Insider+Podcasts&i=movies-tv-intl-ship&crid=DUQIGZ7JS8HW&sprefix=hollywood+insider+podcasts%2Cmovies-tv-intl-ship%2C633&ref=nb_sb_noss,https://m.media-amazon.com/images/I/61dPCk3d+yL._AC_UY327_FMwebp_QL65_.jpg
5,5,Hollywood & Entertainment Icons,Media & Content,Classic Movie Streaming Package,https://agoodmovietowatch.com/cord-cutting/best-streaming-services-for-classics/,https://agoodmovietowatch.com/wp-content/uploads/Amazon-Prime-Video-860x484.png
5,5,Hollywood & Entertainment Icons,Media & Content,Virtual Reality Experiences,https://www.forbes.com/sites/forbes-personal-shopper/2022/06/15/the-best-vr-experiences-for-non-gamers/,https://click.linksynergy.com/deeplink?id=zmNbNw6aNM4&mid=43993&u1=metapaidprogram2|xid:fr1727250254951ibg&murl=https%3A%2F%2Fstore.facebook.com%2Fquest%2Fexperiences%2Ffitness%2F%3Futm_source%3Drakuten%26utm_medium%3Daffiliate%26utm_campaign%3DzmNbNw6aNM4-KBTyWGTxUtCqFTBMXTUqxg%26MID%3D43993%26LSNSUBSITE%3DLSNSUBSITE
6,1,Bollywood & Fashion Trends,Bollywood-Inspired Fashion,Celebrity Red Carpet Dresses,https://www.andaazfashion.com/bollywood-dresses-online?srsltid=AfmBOop7EfNu5ZEN9JGHRE_5M451Lx5zuCJeqBLH9z1g6fosDqh09Z9j,https://assets2.andaazfashion.com/media/catalog/product/cache/1/image/500x750/a12781a7f2ccb3d663f7fd01e1bd2e4e/y/e/yellow-with-dark-green-lehenga-choli-1-lstv02629.jpg
6,1,Bollywood & Fashion Trends,Bollywood-Inspired Fashion,Bollywood Casual Wear,https://www.andaazfashion.com/bollywood-dresses-online/casualwear?srsltid=AfmBOorjK8kppXXR3CvBb29LK3hsElA-45fdHNY45tXg089_ZCBNkwwZ,https://assets2.andaazfashion.com/media/catalog/product/cache/1/image/500x750/a12781a7f2ccb3d663f7fd01e1bd2e4e/l/l/llcv00815-1.jpg
6,1,Bollywood & Fashion Trends,Bollywood-Inspired Fashion,Ethnic Wear Collection,https://www.utsavfashion.com/concepts/bollywood-special,https://medias.utsavfashion.com/media/catalog/product/cache/1/small_image/295x/040ec09b1e35df139433887a97daa66f/e/m/embroidered-georgette-pakistani-suit-in-teal-blue-v2-kxl289.jpg
6,1,Bollywood & Fashion Trends,Bollywood Beauty & Grooming,Signature Makeup Kits,https://www.alibaba.com/premium/makeup_sets.html?src=sem_ggl&field=UG&from=sem_ggl&cmpgn=21473811252&adgrp=164459828626&fditm=&tgt=kwd-112412696&locintrst=&locphyscl=9074084&mtchtyp=p&ntwrk=g&device=c&dvcmdl=&creative=706153566608&plcmnt=&plcmntcat=&aceid=&position=&gad_source=1&gclid=Cj0KCQjw3bm3BhDJARIsAKnHoVXJSzjLNhweb3XkPLdPX9RMnJheBrb4tjpANspjSx3UYO7xnDsvbWAaAkkIEALw_wcB,https://s.alicdn.com/@sc04/kf/H6e694ae3c69949538258051af81eb06cf.jpg_720x720q50.jpg
6,1,Bollywood & Fashion Trends,Bollywood Beauty & Grooming,Bollywood Skincare Range,https://www.vogue.in/content/these-skincare-products-are-trusted-by-bollywood-best-makeup-artists,"https://assets.vogue.in/photos/5ce4276dcc50bec33813ef60/2:3/w_1920,c_limit/25-skincare-products-Bollywoods-best-makeup-artists-trust.jpg"
6,1,Bollywood & Fashion Trends,Bollywood Beauty & Grooming,Bollywood Haircare Essentials,https://www.tirabeauty.com/article/articles/indian-ingredients-for-hair-time-tested-care-essentials-to-explore?srsltid=AfmBOoo6SP4IeBYndCEsxgTxpxqrD_caz_7rPixMgVM85QQnHw2V9Va8,https://cdn.prod.website-files.com/61c44817190504d47e91cbc4/66211015eba84d7e52b6031f_image-2-indian-ingredients-for-hair-time-tested-care-essentials-to-explore-6620b59adf0fd.webp
6,1,Bollywood & Fashion Trends,Bollywood Fashion Accessories,Bollywood Designer Jewelry,https://www.etsy.com/market/bollywood_jewelry,https://i.etsystatic.com/21541494/r/il/616560/3422790202/il_600x600.3422790202_se3w.jpg
6,1,Bollywood & Fashion Trends,Bollywood Fashion Accessories,Celebrity Sunglasses Collection,https://theindianface.com/collections/gafas-de-sol,https://theindianface.com/cdn/shop/products/UL-S21-01_01.jpg?v=1657878700&width=1080
6,1,Bollywood & Fashion Trends,Bollywood Fashion Accessories,Designer Handbags,https://www.etsy.com/market/bollywood_fashion_bags?ref=lp_queries_internal_bottom-15,https://i.etsystatic.com/49612205/r/il/6d933a/5874430409/il_600x600.5874430409_3h3k.jpg
6,2,"Global Sports Legends: Football, WWE, NBA & Tennis",Football Legends Merchandise,Cristiano Ronaldo Signed Jerseys,https://www.ebay.com/b/Cristiano-Ronaldo-Soccer-Original-Autographed-Jerseys/27289/bn_7112558517,https://i.ebayimg.com/thumbs/images/g/odoAAOSwjdVm45n5/s-l1200.webp
6,2,"Global Sports Legends: Football, WWE, NBA & Tennis",Football Legends Merchandise,Neymar Signature Football Boots,https://www.footballbootsdb.com/player/Neymar/40352/,https://www.footballbootsdb.com/logos/boots/2023/09/650c4f14a64a9.png?t=webp
6,2,"Global Sports Legends: Football, WWE, NBA & Tennis",Football Legends Merchandise,Mesut Özil Training Kits,https://www.teamzo.com/players/mesut-ozil,https://www.teamzo.com/images/timthumb/172/hero7.jpg
6,2,"Global Sports Legends: Football, WWE, NBA & Tennis",WWE & MMA Superstar Gear,"Randy Orton ""RKO"" Apparel",https://shop.wwe.com/en/randy-orton/t-8999536371+z-7898-20994281,https://images.footballfanatics.com/mens-black-randy-orton-and-kevin-owens-r-ko-duct-tape-t-shirt_ss5_p-201639184+u-4nexozpcfb4dfy3tlsge+v-70tk4a7gntxpbzqkgta3.jpg?_hv=2&w=340
6,2,"Global Sports Legends: Football, WWE, NBA & Tennis",WWE & MMA Superstar Gear,UFC Fight Gloves,https://www.ufcstore.com/en/?_ref=p-HP%3Am-SEARCH&query=UFC+Fight+Gloves,https://images.footballfanatics.com/ufc-merchandise/gold-ufc-official-5eight-champion-fight-glove_ss5_p-201346521+u-eeqcztfh25rvd9i7g7pz+v-r8drty9yl2wtwvdfawqh.jpg?_hv=2&w=340
6,2,"Global Sports Legends: Football, WWE, NBA & Tennis",WWE & MMA Superstar Gear,Fantasy WWE Action Figures,https://shop.mattel.com/collections/wwe,"https://images.mattel.net/image/upload/w_360,c_scale/shop-us-prod/files/hj5xouxwd3f8rd5x5cp2.png?v=1717529306"
6,2,"Global Sports Legends: Football, WWE, NBA & Tennis",NBA & Tennis Icon Products,LeBron James Funko Pop! Figure,https://funko.com/pop-lebron-james/56356.html,https://funko.com/dw/image/v2/BGTS_PRD/on/demandware.static/-/Sites-funko-master-catalog/default/dwda426b28/images/funko/56356-1.png?sw=800&sh=800
6,2,"Global Sports Legends: Football, WWE, NBA & Tennis",NBA & Tennis Icon Products,Roger Federer Tennis Rackets,https://www.wilson.com/en-us/explore/tennis/roger-federer,https://www.wilson.com/sites/default/files/24-0812-RF_Ad_Staff_Page_Racket_830x830.jpg
6,2,"Global Sports Legends: Football, WWE, NBA & Tennis",NBA & Tennis Icon Products,Kobe Bryant Memorabilia Collection,https://www.sportsmemorabilia.com/kobe-bryant/a-38916815+z-9760929-1400192697,https://images.footballfanatics.com/los-angeles-lakers/kobe-bryant-los-angeles-lakers-105-x-13-60-point-finale-sublimated-plaque_pi2439000_ff_2439125_full.jpg?_hv=2&w=340
6,3,Global Pop & EDM Icons,Pop & EDM Artist Merchandise,Justin Bieber Tour Merch,https://shop.justinbiebermusic.com/?srsltid=AfmBOorb1tee0KME-OfC0TxXmyJdfgn9zFLbkTPGLMrcdUs8z1gX1GmA,https://shop.justinbiebermusic.com/cdn/shop/files/image_3_8b471c42-c573-4fbb-8dbd-592c54e7be3d.png?v=1700087837&width=300
6,3,Global Pop & EDM Icons,Pop & EDM Artist Merchandise,Shreya Ghoshal Fan Apparel,https://www.redbubble.com/shop/shreya+ghoshal,"https://ih1.redbubble.net/image.1912123398.6083/st,small,507x507-pad,600x600,f8f8f8.jpg"
6,3,Global Pop & EDM Icons,Pop & EDM Artist Merchandise,Martin Garrix DJ Gear,https://gadgetspage.com/p/martin-garrix,https://images-na.ssl-images-amazon.com/images/I/51OvK9q4PrL.jpg
6,3,Global Pop & EDM Icons,Exclusive Music & Concert Experiences,VIP Tickets to Martin Garrix at Upcoming Shows,https://martingarrix.com/tour/,https://i.ytimg.com/vi/lGCo8ILvauI/maxresdefault.jpg
6,3,Global Pop & EDM Icons,Exclusive Music & Concert Experiences,Private Streaming Concert with Carrie Underwood,https://www.jspevents.com/talent/carrie-underwood,https://media.bandsintown.com/300x300/17781260.webp
6,3,Global Pop & EDM Icons,Exclusive Music & Concert Experiences,Virtual DJ Lessons,https://wearecrossfader.co.uk/virtual-dj-courses/,https://wearecrossfader.co.uk/wp-content/uploads/2021/07/step-by-step.jpg
6,3,Global Pop & EDM Icons,Music & Fashion Collaborations,Armani Exchange Collection,https://www.armani.com/en-il/experience/armani-exchange/ax-x-mixmag,"https://mediastorage.livestory.io/armani/posts/orig/65c4a7f77863250008e06c9b.jpg?width=2500&format=pjpg&auto=webp&sharpen=a0.3,r1.1,t1&quality=70"
6,3,Global Pop & EDM Icons,Music & Fashion Collaborations,TAG Heuer x Pop Star Edition Watches,https://www.tagheuer.com/vn/en/,https://www.tagheuer.com/on/demandware.static/-/Sites-tagheuer-master/default/dw3cac441e/TAG_Heuer_Carrera/CBU2050.FT6273/CBU2050.FT6273_0913.png?impolicy=producttile&width=500&height=650
6,3,Global Pop & EDM Icons,Music & Fashion Collaborations,STMPD RCRDS Fashion Line,https://shop.martingarrix.com/collections/stmpd?srsltid=AfmBOoo1tUQFMZwyylsE2mV7HBh7KAJs992rOW0TSg84y-6JsrFIMjEB,https://shop.martingarrix.com/cdn/shop/files/DSC19819.png?v=1719401898&width=360
6,4,Pop & Hip-Hop Stars in Entertainment,Pop & Hip-Hop Star Merchandise,Nicki Minaj Signature Apparel,https://www.ebay.com/shop/nicki-minaj-merch?_nkw=nicki+minaj+merch,https://i.ebayimg.com/images/g/A6AAAOSwJ0hmsips/s-l500.webp
6,4,Pop & Hip-Hop Stars in Entertainment,Pop & Hip-Hop Star Merchandise,Eminem Collector’s Vinyl,https://shop.eminem.com/products/the-eminem-show-20th-anniversary-expanded-edition-collectors-4lp?srsltid=AfmBOorsW36F17fr2CrEcNMbwR6yTZpG_9NWM99XaIFFB9ciGEnI46cU,https://shop.eminem.com/cdn/shop/products/EM-0336_GIF_bg_1.gif?v=1665581100&width=800
6,4,Pop & Hip-Hop Stars in Entertainment,Pop & Hip-Hop Star Merchandise,Chris Brown Streetwear Collection,https://shopchrisbrown.com/,https://shopchrisbrown.store/cdn/shop/files/unisex-garment-dyed-heavyweight-t-shirt-black-front-66e385637e54e.png?v=1726186861&width=400
6,4,Pop & Hip-Hop Stars in Entertainment,Exclusive Music & Concert Experiences,VIP Meet-and-Greet with Josh Ross,https://www.vipnation.com/tour/single-again-tour,https://images.bubbleup.com/vipnation/1-default/2-vipnationcom/josh_ross_2024_2100x640_1718321569.jpg
6,4,Pop & Hip-Hop Stars in Entertainment,Exclusive Music & Concert Experiences,VIP Backstage Pass to a Major Music Festival,https://products.eventgroove.co.uk/vip-passes/,https://images.eventgroove.co.uk/UK/QT_UK_VIP_1218/1/QT_UK_VIP_1218-small.png
6,4,Pop & Hip-Hop Stars in Entertainment,Exclusive Music & Concert Experiences,"Myke Towers Tickets, 2024-2025 Concert Tour Dates",https://www.ticketmaster.com/myke-towers-tickets/artist/2628001,https://media.ticketmaster.com/en-us/dam/a/a5f/2d11a44f-7189-4c47-ada7-7cbeedeeaa5f_CUSTOM.jpg
6,4,Pop & Hip-Hop Stars in Entertainment,Pop & Hip-Hop Lifestyle Brands,Alicia Keys Soulcare Skincare Collection,https://www.keyssoulcare.com/,https://www.keyssoulcare.com/dw/image/v2/BBXC_PRD/on/demandware.static/-/Sites-ksc-storefront-us/default/dwe74b4c32/PDP%20Images_Hydrate%20+%20Glow%20Bundle_Lifestyle-min.jpg?sw=420&sfrm=jpg&q=60&strip=false
6,4,Pop & Hip-Hop Stars in Entertainment,Pop & Hip-Hop Lifestyle Brands,Kardashian-Jenner Beauty Line,https://kyliecosmetics.com/,https://kyliecosmetics.com/cdn/shop/files/KJF_COSMICEDP_24_GiftSet_BodyLotion_18-1copy_WS_f84e4425-32ff-49d8-af1d-1487935cef55.jpg?crop=center&height=600&v=1727108802&width=600
6,4,Pop & Hip-Hop Stars in Entertainment,Pop & Hip-Hop Lifestyle Brands,Lil Wayne x Bape Collab,https://hypebeast.com/2019/4/bape-ugg-spring-summer-2019-collection-release-lil-wayne-lookbook,https://hypebeast.com/image/2019/04/1bape-ugg-spring-summer-2019-collection-release-lil-wayne-lookbook-6.jpg
6,5,Hollywood & Political Icons in Entertainment,Hollywood Actress Merchandise,Jennifer Aniston Beauty Line,https://pagesix.com/article/jennifer-aniston-favorite-skincare-makeup-hair-beauty-products/,"https://pagesix.com/wp-content/uploads/sites/3/2023/08/shani-darden-retinol-reform.jpg?resize=1536,1025&quality=75&strip=all"
6,5,Hollywood & Political Icons in Entertainment,Hollywood Actress Merchandise,Hollywood Icon Empowerment Apparel Collection,https://www.etsy.com/market/hollywood_icon_tops?ref=seller_tag_bottom_text-6,https://i.etsystatic.com/49774903/c/2011/2011/42/101/il/ec51ff/6139268182/il_600x600.6139268182_f1hl.jpg
6,5,Hollywood & Political Icons in Entertainment,Hollywood Actress Merchandise,Jessica Chastain Film Memorabilia,https://www.hollywoodmemorabilia.com/en/jessica-chastain/a-4629636769+z-946355-3963235140,https://images.footballfanatics.com/jessica-chastain-autographed-12x18-photo-the-huntsman-winters-war-jsa-ii25529_ss1_p-100951089+u-tnxvjwukowwtuavxdnqj+v-qgriyyefpakywkojylde.jpg?_hv=2&w=340
6,5,Hollywood & Political Icons in Entertainment,Political Leaders & Cultural Commentary,Steve Harvey's Motivational Books,https://www.amazon.com/Motivational-Self-Help-Steve-Harvey/s?rh=n%3A4744%2Cp_lbr_one_browse-bin%3ASteve+Harvey,https://m.media-amazon.com/images/I/71Wt5fBfO0L._AC_UY327_FMwebp_QL65_.jpg
6,5,Hollywood & Political Icons in Entertainment,Political Leaders & Cultural Commentary,Barack Obama Documentary Collection,https://www.amazon.com/People-Election-Barack-Obama/dp/B002UNXS6S,https://m.media-amazon.com/images/I/51jiUT0+YeL._SY300_.jpg
6,5,Hollywood & Political Icons in Entertainment,Political Leaders & Cultural Commentary,Sarah Silverman Political Comedy Specials,https://www.amazon.com/s?k=Sarah+Silverman+Political+Comedy+Specials&crid=38JQSL1LR5X4K&sprefix=charlize+theron%2Caps%2C1248&ref=nb_sb_noss_1,https://m.media-amazon.com/images/I/A1qp4KDeJ4L._AC_UY327_FMwebp_QL65_.jpg
6,5,Hollywood & Political Icons in Entertainment,Cultural & Political Experiences,VIP Game Show Experience Package,https://www.wheeloffortunelive.com/vip-experience,https://images.squarespace-cdn.com/content/v1/62594894c3abc723b1d1f258/ab26b982-3d4a-4a9c-a112-4da4f82b6deb/Wheel+UIS+0810_Photo+Credit+Terry+Farmer.jpg?format=1000w
6,5,Hollywood & Political Icons in Entertainment,Cultural & Political Experiences,Lunch with a Prominent Politician,https://www.galahospitality.co.uk/event/lunch-with-mr-lamborghini/?_gl=1*64miiw*_up*MQ..*_ga*ODI3MDc1ODA5LjE3MjcyNTE5Mzg.*_ga_FYTW7B7K7B*MTcyNzI1MTkzNy4xLjAuMTcyNzI1MTkzNy4wLjAuMA..,https://igralaxe.sirv.com/WP_www.galahospitality.co.uk/misc/Lamborghini-Lunch/Lamborghini-2.png?w=375&h=304&scale.option=fill&cw=375&ch=304&cx=center&cy=center
6,5,Hollywood & Political Icons in Entertainment,Cultural & Political Experiences,Presidential Museum Tours,https://www.bushcenter.org/plan-your-visit/tours,https://gwbushcenter.imgix.net/wp-content/uploads/E7A9153-Edit-scaled.jpg?fit=crop&crop=focalpoint&fp-x=0.50&fp-y=0.35&q=70&auto=format&or=0&fm=jpeg&w=832&h=442
6,6,"Pop Culture Icons: Kardashian, Music & Fashion",Kardashian-Jenner Fashion & Beauty,Kylie Jenner Lip Kits,https://kyliecosmetics.com/collections/kylie-cosmetics-lips-lip-kits,https://kyliecosmetics.com/cdn/shop/products/gkmjgkgk26n0ejcomsdm.jpg?crop=center&height=600&v=1676330018&width=600
6,6,"Pop Culture Icons: Kardashian, Music & Fashion",Kardashian-Jenner Fashion & Beauty,Kim Kardashian Skims Collection,https://skims.com/,https://cdn.skims.com/images/hfqi0zm0/production/9be5d03a2096a1b7708196e4291d482a115d5839-3000x1298.jpg?w=1944&q=95&auto=format
6,6,"Pop Culture Icons: Kardashian, Music & Fashion",Kardashian-Jenner Fashion & Beauty,Kendall Jenner’s Model-Inspired Fashion,https://www.vogue.co.uk/fashion/article/kendall-jenner-style,"https://media.vogue.co.uk/photos/629494e673fcb8b791b84c36/2:3/w_1920,c_limit/GettyImages-1346773842.jpg"
6,6,"Pop Culture Icons: Kardashian, Music & Fashion",Pop Music Merchandise,Britney Spears Iconic Merch,https://store.britneyspears.com/,https://store.britneyspears.com/cdn/shop/files/BS_BOMT_banner1_fad32866-7966-4439-961e-b09d97a715c3.png?v=1705073038&width=1600
6,6,"Pop Culture Icons: Kardashian, Music & Fashion",Pop Music Merchandise,Lady Gaga Collections,https://shop.ladygaga.com/,https://shop.ladygaga.com/cdn/shop/files/Banner_Desktop-02.png?v=1727192456&width=2000
6,6,"Pop Culture Icons: Kardashian, Music & Fashion",Pop Music Merchandise,Zendaya Music & Movie Combo Box Set,https://www.amazon.com/Spider-man-Collection-Blu-ray-Spider-Verse-Homecoming/dp/B08FV6TRSH,https://m.media-amazon.com/images/I/51mICCdRL6L._SX342_.jpg
6,6,"Pop Culture Icons: Kardashian, Music & Fashion",Celebrity Fashion & Lifestyle,Beyoncé Ivy Park Collection,https://www.vanityfair.com/style/photos/2021/12/beyonces-new-ivy-park-new-collection-is-here-shop-the-halls-of-ivy,https://media.vanityfair.com/photos/61b11d0c79f401e1b62bec8f/3:4/w_1920%2Cc_limit/HC5969_FR_Torso.jpg
6,6,"Pop Culture Icons: Kardashian, Music & Fashion",Celebrity Fashion & Lifestyle,Serena Williams x Nike Tennis Apparel,Serena Williams Collection. Nike.com,"https://static.nike.com/a/images/c_limit,w_592,f_auto/t_product_v1/39f91efc-7cd7-4742-ba66-949f38823e8f/W+NSW+SWDC+OS+BOMBER.png"
6,6,"Pop Culture Icons: Kardashian, Music & Fashion",Celebrity Fashion & Lifestyle,Miley Cyrus Vintage Rock Apparel,https://shop.mileycyrus.com/,https://shop.mileycyrus.com/cdn/shop/files/FlatlayFront_360x.png?v=1715892795
7,1,"World Sports: Football, Tennis & Racing",Football Star Merchandise,Cristiano Ronaldo Signed Jerseys,https://www.ebay.com/b/Cristiano-Ronaldo-Soccer-Original-Autographed-Jerseys/27289/bn_7112558517,https://i.ebayimg.com/thumbs/images/g/TMQAAOSwQF1mSJXM/s-l1200.webp
7,1,"World Sports: Football, Tennis & Racing",Football Star Merchandise,Neymar Signature Football Boots,https://www.footballbootsdb.com/player/Neymar/40352/,https://www.footballbootsdb.com/logos/boots/2023/09/650c4f14a64a9.png?t=webp
7,1,"World Sports: Football, Tennis & Racing",Football Star Merchandise,Mesut Özil Training Kits,https://www.teamzo.com/players/mesut-ozil,https://www.teamzo.com/images/timthumb/172/hero7.jpg
7,1,"World Sports: Football, Tennis & Racing",Tennis Legend Equipment,Roger Federer Pro Tennis Racket,https://www.wilson.com/en-gb/tennis/collections/roger-federer,https://www.wilson.com/sites/default/files/styles/none/public/24-0812-RF_Collection_Page_Header_1920x630.jpg?
7,1,"World Sports: Football, Tennis & Racing",Tennis Legend Equipment,Rafael Nadal Performance Apparel,https://shop.rafanadalacademy.com/en/3-men,https://shoprafanadalacademy-9d29.kxcdn.com/3568-large_default/rafa-nadal-challenger-mens-white-tshirt.jpg
7,1,"World Sports: Football, Tennis & Racing",Tennis Legend Equipment,Novak Djokovic Grand Slam Collection,https://www.e-tennis.com/tennis-pros-gear/djokovic.html,https://www.e-tennis.com/media/catalog/product/cache/9cb80aaa700fbabda1d30deb1d8f7ff5/1/0/1041a361_963_sr_rt_glb.webp
7,1,"World Sports: Football, Tennis & Racing",Racing & Motorsports Gear,Lewis Hamilton F1 Racing Caps,https://shop-int.mercedesamgf1.com/collections/lewis-hamilton-caps,https://shop-int.mercedesamgf1.com/cdn/shop/files/LH_2015_Japan_Cap_3.png?v=1725952145&width=900
7,1,"World Sports: Football, Tennis & Racing",Racing & Motorsports Gear,Mercedes F1 Team Apparel,https://shop-int.mercedesamgf1.com/,https://shop-int.mercedesamgf1.com/cdn/shop/files/MAPF1RPMensdriverteeblackLHsitecrop2.jpg?v=1725276196&width=900
7,1,"World Sports: Football, Tennis & Racing",Racing & Motorsports Gear,Custom Racing Simulators,https://www.vesaro.com/store/pc/Home.asp,https://www.vesaro.com/store/pc/img/Hero.jpg
7,2,"Pop, Rock & EDM Music",Pop & Rock Artist Merchandise,Carrie Underwood Tour Merch,https://store.carrieunderwood.fm/,https://store.carrieunderwood.fm/cdn/shop/t/17/assets/slideshow_2.jpg?v=160346063027465473101725022107
7,2,"Pop, Rock & EDM Music",Pop & Rock Artist Merchandise,Coldplay Vinyl Collection,https://usstore.coldplay.com/collections/vinyl?srsltid=AfmBOophXwSDAMwNsXmtz3-FZi-RjN4miRVZvMjp3y0LPJD-GSk_VyUc,https://usstore.coldplay.com/cdn/shop/files/PM4.png?v=1691168024&width=360
7,2,"Pop, Rock & EDM Music",Pop & Rock Artist Merchandise,Nick Jonas Signature Guitar,https://www.ebay.com/itm/295910617532,https://i.ebayimg.com/images/g/8O4AAOSwKdBk8LBh/s-l1600.webp
7,2,"Pop, Rock & EDM Music",EDM DJ Gear & Music Experiences,Martin Garrix DJ Equipment,https://gadgetspage.com/p/martin-garrix,https://m.media-amazon.com/images/I/81+fYPRQXRL._AC_SY300_SX300_.jpg
7,2,"Pop, Rock & EDM Music",EDM DJ Gear & Music Experiences,Martin Garrix w/ Justin Mylo,https://taogroup.com/venues/omnia-nightclub-las-vegas/vip/,https://venueeventartist.com/imateq/event/446/1089/1276253/500SC0/1287152.jpeg
7,2,"Pop, Rock & EDM Music",EDM DJ Gear & Music Experiences,Virtual DJ Lessons,https://wearecrossfader.co.uk/virtual-dj-courses/,https://wearecrossfader.co.uk/wp-content/uploads/2021/07/step-by-step.jpg
7,2,"Pop, Rock & EDM Music",Folk & Acoustic Music Essentials,Yeng Constantino Acoustic Collection,https://music.apple.com/us/album/the-unreleased-acoustic-collection/450395643,https://is1-ssl.mzstatic.com/image/thumb/Music114/v4/34/76/f3/3476f330-5ca6-fd12-f594-b6b937a295df/mzi.asakwdjy.jpg/316x316bb.webp
7,2,"Pop, Rock & EDM Music",Folk & Acoustic Music Essentials,Folk Music Vinyl Revival,https://www.musiconvinyl.com/collections/folk,https://www.musiconvinyl.com/cdn/shop/files/MOVLP3763__Mockup.webp?v=1723616636&width=360
7,2,"Pop, Rock & EDM Music",Folk & Acoustic Music Essentials,Live Acoustic Concert Series,https://undiscoveredmusic.net/streamed,https://undiscoveredmusic.net/images/shows/venue_210195.jpg
7,3,"Pop, Hip-Hop & R&B",Pop Star Merchandise,"Justin Bieber ""Belieber"" T-shirt",https://www.amazon.com/justin-bieber-t-shirts/s?k=justin+bieber+t+shirts,https://m.media-amazon.com/images/I/71Rp06yq4WL._AC_UL480_FMwebp_QL65_.jpg
7,3,"Pop, Hip-Hop & R&B",Pop Star Merchandise,BLACKPINK Light Stick,https://shop.weverse.io/en/shop/GL_USD/artists/32/sales/9619,https://cdn-contents.weverseshop.io/public/shop/c0bb0cade706c6aa6e1f830d047924a0.png?q=95&w=720
7,3,"Pop, Hip-Hop & R&B",Pop Star Merchandise,"Taylor Swift ""Folklore"" Vinyl Record",https://www.amazon.com/folklore-Deluxe-VINYL-Taylor-Swift/dp/B08DSS7Y2M,https://m.media-amazon.com/images/I/617oudVIaRL._SX425_.jpg
7,3,"Pop, Hip-Hop & R&B",Hip-Hop Artist Lifestyle Products,Eminem Limited-Edition Vinyl,https://shop.eminem.com/products/limited-edition-mtbmb-side-b-deluxe-edition-red-vinyl?srsltid=AfmBOorHXR7LVWzN7sfT8xUPddIz3gSQZiHM7pGxQ5jGkVXhEzP210Xo,https://shop.eminem.com/cdn/shop/products/4LP.PNG_51718f99-41ae-4cad-8991-9a67c1f659e2.png?v=1608266195&width=800
7,3,"Pop, Hip-Hop & R&B",Hip-Hop Artist Lifestyle Products,Nicki Minaj Queen Collection,https://madmelody.vn/dia-cd-nicki-minaj-queen-2018,https://bizweb.dktcdn.net/100/373/622/products/dia-cd-goc-album-nhac-nicki-minaj-queen-2018-1.jpg?v=1615409169447
7,3,"Pop, Hip-Hop & R&B",Hip-Hop Artist Lifestyle Products,Lil Wayne Skateboard Decks,https://www.ebay.com/itm/295675427865,https://i.ebayimg.com/images/g/EOQAAOSwFf1kUqUs/s-l960.webp
7,3,"Pop, Hip-Hop & R&B",R&B Music Experiences,Tyrese Tickets,https://www.ticketmaster.com/tyrese-tickets/artist/723511,https://s1.ticketm.net/dam/a/14b/199ef618-df28-4e56-97b4-ae97095cd14b_1542111_RETINA_PORTRAIT_3_2.jpg
7,3,"Pop, Hip-Hop & R&B",R&B Music Experiences,Keith Sweat Tickets,https://www.ticketmaster.com/keith-sweat-tickets/artist/736235,https://s1.ticketm.net/dam/a/e1e/f4e41edc-f090-499d-b0b7-cd4f4f658e1e_1789791_RETINA_PORTRAIT_3_2.jpg
7,3,"Pop, Hip-Hop & R&B",R&B Music Experiences,R&B Forever Tour,https://globaleventsproduction.com/rb-forever-tour/,https://globaleventsproduction.com/wp-content/uploads/2024/08/NEW-desktop-3.jpg
7,4,Hollywood & TV Entertainment,Hollywood Star Merchandise,Charlize Theron Film Collection,https://www.amazon.com/Blu-ray-Charlize-Theron-Movies-TV/s?rh=n%3A2901953011%2Cp_lbr_actors_browse-bin%3ACharlize+Theron,https://m.media-amazon.com/images/I/91ZEcG4-qSL._AC_UY327_FMwebp_QL65_.jpg
7,4,Hollywood & TV Entertainment,Hollywood Star Merchandise,Jessica Chastain Signature Apparel,https://us.vestiairecollective.com/c/us-jessica-chastain-closet-sale-shop-the-look-11373/,"https://images.vestiairecollective.com/images/resized/w=375,q=75,f=auto,/produit/blue-synthetic-balenciaga-dress-37071346-1.jpg"
7,4,Hollywood & TV Entertainment,Hollywood Star Merchandise,Jennifer Aniston Friends Memorabilia,https://www.hollywoodmemorabilia.com/en/jennifer-aniston/a-2316580916+z-935702-3481594928,https://images.footballfanatics.com/2003-jennifer-aniston-bazaar-magazine-no-label-scarce-/-vintage_ss1_p-100915720+u-whamkjuatrvjlvfeklyv+v-awyvqrqvjzopuyghtucp.jpg?_hv=2&w=340
7,4,Hollywood & TV Entertainment,TV Show Experiences & Merchandise,TV Show Tickets in New York City,https://www.tvtaping.com/tickets,https://dxan6czxprkid.cloudfront.net/images/_x300/pyramid-featured-1024x768.jpg
7,4,Hollywood & TV Entertainment,TV Show Experiences & Merchandise,Sarah Silverman Political Comedy Specials,https://www.amazon.com/s?k=Sarah+Silverman+Political+Comedy+Specials&crid=38JQSL1LR5X4K&sprefix=charlize+theron%2Caps%2C1248&ref=nb_sb_noss_1,https://m.media-amazon.com/images/I/A1qp4KDeJ4L._AC_UY327_FMwebp_QL65_.jpg
7,4,Hollywood & TV Entertainment,TV Show Experiences & Merchandise,Phillip Schofield Autobiography Bundle,https://www.ebay.co.uk/itm/294579864501,https://i.ebayimg.com/images/g/ZdsAAOSw68Nhn9Y3/s-l1600.webp
7,4,Hollywood & TV Entertainment,Celebrity Lifestyle & Fan Engagement,Jennifer Lawrence Beauty Collection,https://stealherstyle.net/jennifer-lawrence/?post_type=makeup,https://stealherstyle.net/wp-content/uploads/product_images/s1422336-main-hero-300.jpg
7,4,Hollywood & TV Entertainment,Celebrity Lifestyle & Fan Engagement,Hollywood Celebrity Meet & Greet Events,https://www.eventbrite.com/d/ca--los-angeles/celebrity-meet-and-greet/,https://img.evbuc.com/https%3A%2F%2Fcdn.evbuc.com%2Fimages%2F841761489%2F1433073198933%2F1%2Foriginal.20240904-190804?crop=focalpoint&fit=crop&w=940&auto=format%2Ccompress&q=75&sharp=10&fp-x=0.5&fp-y=0.436877076412&s=343a2b1c83a1607772e1d75e01577b8c
7,4,Hollywood & TV Entertainment,Celebrity Lifestyle & Fan Engagement,Jessica Chastain Film Memorabilia,https://www.hollywoodmemorabilia.com/en/jessica-chastain/a-4629636769+z-946355-3963235140,https://images.footballfanatics.com/jessica-chastain-autographed-12x18-photo-the-huntsman-winters-war-jsa-ii25529_ss1_p-100951089+u-tnxvjwukowwtuavxdnqj+v-qgriyyefpakywkojylde.jpg?_hv=2&w=340
7,5,The Kardashian-Jenner Lifestyle & Beyond,Kardashian-Jenner Fashion & Beauty,Kylie Jenner Lip Kits,https://kyliecosmetics.com/collections/kylie-cosmetics-lips-lip-kits,https://kyliecosmetics.com/cdn/shop/products/gkmjgkgk26n0ejcomsdm.jpg?crop=center&height=600&v=1676330018&width=600
7,5,The Kardashian-Jenner Lifestyle & Beyond,Kardashian-Jenner Fashion & Beauty,Kim Kardashian Skims Collection,https://skims.com/,https://cdn.skims.com/images/hfqi0zm0/production/9be5d03a2096a1b7708196e4291d482a115d5839-3000x1298.jpg?w=1944&q=95&auto=format
7,5,The Kardashian-Jenner Lifestyle & Beyond,Kardashian-Jenner Fashion & Beauty,Kendall Jenner’s Model-Inspired Fashion,https://www.vogue.co.uk/fashion/article/kendall-jenner-style,"https://media.vogue.co.uk/photos/629494e673fcb8b791b84c36/2:3/w_1920,c_limit/GettyImages-1346773842.jpg"
7,5,The Kardashian-Jenner Lifestyle & Beyond,Celebrity Fashion & Lifestyle,Beyoncé Ivy Park Collection,https://www.vanityfair.com/style/photos/2021/12/beyonces-new-ivy-park-new-collection-is-here-shop-the-halls-of-ivy,https://media.vanityfair.com/photos/61b11d0c79f401e1b62bec8f/3:4/w_1920%2Cc_limit/HC5969_FR_Torso.jpg
7,5,The Kardashian-Jenner Lifestyle & Beyond,Celebrity Fashion & Lifestyle,Serena Williams x Nike Tennis Apparel,Serena Williams Collection. Nike.com,"https://static.nike.com/a/images/c_limit,w_592,f_auto/t_product_v1/39f91efc-7cd7-4742-ba66-949f38823e8f/W+NSW+SWDC+OS+BOMBER.png"
7,5,The Kardashian-Jenner Lifestyle & Beyond,Celebrity Fashion & Lifestyle,Miley Cyrus Vintage Rock Apparel,https://shop.mileycyrus.com/,https://shop.mileycyrus.com/cdn/shop/files/FlatlayFront_360x.png?v=1715892795
7,5,The Kardashian-Jenner Lifestyle & Beyond,Celebrity Collaborations & Beyond,Serena Williams x Nike Sportswear,https://sneakerholicvietnam.vn/san-pham/nike-air-force-1-low-x-serena-williams-all-white/,https://sneakerholicvietnam.vn/wp-content/uploads/2023/04/nike-air-force-1-low-x-serena-williams-all-white-dm5036-100-768x768.jpg
7,5,The Kardashian-Jenner Lifestyle & Beyond,Celebrity Collaborations & Beyond,Britney Spears Fantasy Perfume Collection,https://namperfume.net/products/nuoc-hoa-nu-britney-spears-fantasy,https://product.hstatic.net/1000340570/product/britney_spears_fantasy_edp_a6aa82e7311c43d889d78e195713c512_master.jpg
7,5,The Kardashian-Jenner Lifestyle & Beyond,Celebrity Collaborations & Beyond,Miley Cyrus x Converse Sneakers,https://theseeker.vn/cua-hang/converse-chuck-taylor-all-star-hi-miley-cyrus-white-black-stars-womens-22141?product_type=2,https://theseeker.vn/storage/products/converse-chuck-taylor-all-star-hi-miley-cyrus-white-black-stars-womens-0.png
7,6,NBA & WWE & Entertainment Icons,Sports Apparel and Merchandise,LeBron James Lakers Jersey,https://global.nbastore.com/en/?CMP=FUS-KYDILES9&portal=KYDILES9,https://images.footballfanatics.com/logo-gear/nba-nike-team-31-shorts-mens_ss5_p-13374249+u-n7vnfc5acmpblmlp4y39+v-rq63w9b4u54lzsnvpedy.jpg?_hv=2&w=340
7,6,NBA & WWE & Entertainment Icons,Sports Apparel and Merchandise,WWE Championship Belt Replica,https://shop.wwe.com/en/title-belts/d-1206674874+z-996981-3123630157,https://images.footballfanatics.com/jey-uso/jey-uso-replica-side-plate-box-set_ss5_p-200761457+u-wawrfsrlccgarsycm49d+v-cxqbg3vghzbf7ak5cgad.jpg?_hv=2&w=340
7,6,NBA & WWE & Entertainment Icons,Sports Apparel and Merchandise,"Kobe Bryant ""Mamba Forever"" Hoodie",https://stockx.com/nike-kobe-bryant-mamba-hoodie-black?msockid=297aa8aeecfe680f1fe3bcd6ed986912,https://images.stockx.com/images/vertical/Nike-Kobe-Bryant-Mamba-Hoodie-Black_1.jpg?fit=fill&bg=FFFFFF&w=396&h=504&auto=compress&dpr=1&fm=avif&q=57
7,6,NBA & WWE & Entertainment Icons,Sports and Entertainment Collectibles,LeBron James Funko Pop! Figure,https://funko.com/pop-lebron-james/56356.html,https://funko.com/dw/image/v2/BGTS_PRD/on/demandware.static/-/Sites-funko-master-catalog/default/dwda426b28/images/funko/56356-1.png?sw=800&sh=800
7,6,NBA & WWE & Entertainment Icons,Sports and Entertainment Collectibles,WWE Action Figures,https://shop.mattel.com/collections/wwe,"https://images.mattel.net/image/upload/w_360,h_360,c_pad/shop-us-prod/products/q3jwq2q75ujbjr4mauqn.jpg?v=1707934813"
7,6,NBA & WWE & Entertainment Icons,Sports and Entertainment Collectibles,NBA Signed Basketballs,https://www.sportsmemorabilia.com/nba-memorabilia/fanatics-authentic-basketballs-signed/o-3558+br-918049+d-18337779+fa-67+z-9-11061757,https://www.sportsmemorabilia.com/nba-memorabilia/boston-celtics/larry-bird-boston-celtics-autographed-wilson-authentic-series-indoor/outdoor-basketball/o-1314+t-14362719+p-5089178801+z-8-960680242?_ref=p-FALP:m-GRID:i-r0c0:po-0
7,6,NBA & WWE & Entertainment Icons,Video Games and Streaming,NBA 2K24,https://store.steampowered.com/app/2338770/NBA_2K24/,https://shared.akamai.steamstatic.com/store_item_assets/steam/apps/2338770/header.jpg?t=1723216182
7,6,NBA & WWE & Entertainment Icons,Video Games and Streaming,WWE 2K24,https://www.xbox.com/en-US/games/store/wwe-2k24-for-xbox-series-xs/9NQSBF2V7XRR?msockid=297aa8aeecfe680f1fe3bcd6ed986912,https://store-images.s-microsoft.com/image/apps.49977.13763646345579078.49808769-6c36-4e7b-9bcb-c1cb6ee75bd8.96fe01b5-7d56-4d1b-9110-33bab7eadb4c?q=90&w=177&h=265
7,6,NBA & WWE & Entertainment Icons,Video Games and Streaming,WWE Network Subscription,https://www.wwe.com/wwenetwork,https://www.a.peacocktv.com/dam/growth/assets/sportslandingpages/wwe/wwe-badblood-hero-2024-01.jpg?downsize=200:*&output-format=webp&output-quality=19
7,7,Bollywood & Cricket,Bollywood DVDs and Blu-rays,Shah Rukh Khan and Salman Khan Films,https://www.amazon.com/King-Shahrukh-Bollywood-English-Subtitles/dp/B004F0LEMO,https://m.media-amazon.com/images/I/81e-QoGIreL._SY445_.jpg
7,7,Bollywood & Cricket,Bollywood DVDs and Blu-rays,Blockbuster Bollywood: Top 10 Movies Collection,https://www.amazon.com/Movies-Bollywood-Blu-ray/s?rh=n%3A2901954011%2Cp_n_theme_browse-bin%3A7661505011,https://m.media-amazon.com/images/I/91+l7t13-XL._AC_UY327_FMwebp_QL65_.jpg
7,7,Bollywood & Cricket,Bollywood DVDs and Blu-rays,Cricket and Cinema: Bollywood Films About the Favorite Sport of India,https://www.cricketvideo.com/index.php?cPath=22,"https://m.media-amazon.com/images/I/51f075mfuAL._AC_UF894,1000_QL80_.jpg"
7,7,Bollywood & Cricket,Event Tickets,Bollywood Movie Premiere Night Experience,https://www.premiertickets.co/event/bollywood-trivia-night-at-tamasha/,https://www.premiertickets.co/assets/uploads/2024/09/Bollywood-trivia.jpg
7,7,Bollywood & Cricket,Event Tickets,Live in Concert: Bollywood Stars Tour,https://events.sulekha.com/bollywood-event-tickets,https://az827626.vo.msecnd.net/cdn/events/images/2024-09-16-03-50-42-790_69.webp
7,7,Bollywood & Cricket,Event Tickets,Cricket World Cup Final: VIP Seats,https://www.seatunique.com/sport-tickets/cricket,"https://res.cloudinary.com/dw36awwm5/image/upload/q_70/w_1920,h_500,c_fill,g_auto,f_auto,f_avif/v1695634928/t8er2pyccm1vobzgtydl"
7,7,Bollywood & Cricket,Cricket Gear,Cricket Batting Gloves,https://www.prodirectsport.com/cricket/l/adults/departments-protection/activity-cricket/type-gloves/bestfor-batting/,https://images.prodirectsport.com/ProductImages/Main/233507_Main_Thumb_0921135.jpg
7,7,Bollywood & Cricket,Cricket Gear,Cricket Bat,https://www.amazon.com/Cricket-Bats/b?node=3403051,https://m.media-amazon.com/images/I/71f0YCwN3sL._AC_UL480_FMwebp_QL65_.jpg
7,7,Bollywood & Cricket,Cricket Gear,Cricket Leg Pads,https://cricketdirect.co.uk/collections/batting-pads,https://cricketdirect.co.uk/cdn/shop/products/3C24411-Aura-Pro_87b6f605-2e6c-49fe-9e66-3c7914879308_600x.jpg?v=1698752046
8,1,Pop & Hip-Hop,Pop Star Merchandise,Justin Bieber Exclusive Tour Merchandise,https://shop.justinbiebermusic.com/?srsltid=AfmBOorh_zwGrU9FvQyXGzI1v7AztiO_-5ak1SeWr_8yd6qjBdC4j1d4,https://shop.justinbiebermusic.com/cdn/shop/products/PeachesCrop.png?v=1623034361&width=300
8,1,Pop & Hip-Hop,Pop Star Merchandise,Aaliyah Legacy Collection,https://www.ebay.com/b/Aaliyah-Music-CDs/176984/bn_55174977,https://i.ebayimg.com/images/g/0e4AAOSwoPJeTxyH/s-l640.jpg
8,1,Pop & Hip-Hop,Pop Star Merchandise,Zayn Malik Autographed Albums,https://www.ebay.com/itm/116190279282,https://i.ebayimg.com/images/g/RQEAAOSwNFNmTSXV/s-l1600.webp
8,1,Pop & Hip-Hop,Hip-Hop & Rap Artist Gear,Eminem Slim Shady Collector’s Vinyl,https://www.ebay.com/p/18039735087,https://i.ebayimg.com/images/g/2PoAAOSw~tlkC1Lh/s-l225.jpg
8,1,Pop & Hip-Hop,Hip-Hop & Rap Artist Gear,Lil Wayne x Bape Collab,https://hypebeast.com/2019/4/bape-ugg-spring-summer-2019-collection-release-lil-wayne-lookbook,https://image-cdn.hypb.st/https%3A%2F%2Fhypebeast.com%2Fimage%2F2019%2F04%2Fbape-ugg-spring-summer-2019-collection-release-lil-wayne-lookbook-1.jpg?q=90&w=1400&cbr=1&fit=max
8,1,Pop & Hip-Hop,Hip-Hop & Rap Artist Gear,Nicki Minaj Queen Makeup Line,https://pinkfridaynails.com/?srsltid=AfmBOooMsQg5d6ZO299djpuLMsWVX8D_t_pPzeeOSQE0a84_rwJRqhzB,https://pinkfridaynails.com/cdn/shop/files/GoldFrenchChrome_AL_M_0802.jpg?v=1723582855&width=2048
8,1,Pop & Hip-Hop,Concert & Music Experiences,Tyrese Tickets,https://www.ticketmaster.com/tyrese-tickets/artist/723511,https://s1.ticketm.net/dam/a/14b/199ef618-df28-4e56-97b4-ae97095cd14b_1542111_RETINA_PORTRAIT_3_2.jpg
8,1,Pop & Hip-Hop,Concert & Music Experiences,Keith Sweat Tickets,https://www.ticketmaster.com/keith-sweat-tickets/artist/736235,https://s1.ticketm.net/dam/a/e1e/f4e41edc-f090-499d-b0b7-cd4f4f658e1e_1789791_RETINA_PORTRAIT_3_2.jpg
8,1,Pop & Hip-Hop,Concert & Music Experiences,R&B Forever Tour,https://globaleventsproduction.com/rb-forever-tour/,https://globaleventsproduction.com/wp-content/uploads/2024/08/NEW-desktop-3.jpg
8,2,Celebrities & Entertainment Icons,Celebrity Merchandise,Snooki Clothing & Accessories,https://thesnookishop.com/,https://thesnookishop.com/cdn/shop/files/Photo_Aug_26_2024_3_02_49_PM.jpg?v=1725385497&width=360
8,2,Celebrities & Entertainment Icons,Celebrity Merchandise,John Lennon Memorabilia,https://www.tracks.co.uk/category/beatles-memorabilia/john-lennon-memorabilia/,https://www.tracks.co.uk/wp-content/uploads/2024/09/B44575b.png
8,2,Celebrities & Entertainment Icons,Celebrity Merchandise,Leonardo DiCaprio Movie Posters,https://www.amazon.com/leonardo-dicaprio-poster/s?k=leonardo+dicaprio+poster,https://m.media-amazon.com/images/I/51PqzvBSRVL._AC_UL480_FMwebp_QL65_.jpg
8,2,Celebrities & Entertainment Icons,Live Show & Tour Experiences,Ricky Gervais Live Comedy Tickets,https://www.livenation.co.uk/artist-ricky-gervais-2051,https://dynamicmedia.livenationinternational.com/n/o/v/3063aa41-9ccc-4660-9f06-8155c7b6a6c1.jpg
8,2,Celebrities & Entertainment Icons,Live Show & Tour Experiences,Celebrity Homes Tour,https://hollywoodbustoursla.com/tour-item/celebrity-homes-tour/?gad_source=1&gclid=Cj0KCQjwo8S3BhDeARIsAFRmkONz8nvd7XnFRIfkoNr_etTzPCvT4X3NrrcVP4GukuDM01ri-FYpY6QaAlqzEALw_wcB,https://lba273.a2cdn1.secureserver.net/wp-content/uploads/2022/08/Hollywood-Bus-Tours-Image-Featured-Open-Bus.jpeg
8,2,Celebrities & Entertainment Icons,Live Show & Tour Experiences,Superstar Queens Live Tour Collection,https://queenonlinestore.com/collections/queen-adam-lambert?srsltid=AfmBOorQmG-Q7ik0uRN89aSlenrQh8QVsYonwbHQKYwbpV0IpT2qIHOJ,https://queenonlinestore.com/cdn/shop/files/collection-banner-queen-adam-image-only.jpg?v=1694445882&width=800
8,2,Celebrities & Entertainment Icons,Entertainment Collectibles,The Beatles Vinyl Collection,https://usastore.thebeatles.com/collections/vinyl?srsltid=AfmBOopxrlB_oVUPMGuWfMmMX6xR3pljGh738-7fDYDtC800abBSs7d9,https://usastore.thebeatles.com/cdn/shop/files/FULLVISUAL.png?v=1726065709&width=600
8,2,Celebrities & Entertainment Icons,Entertainment Collectibles,Paul McCartney Signature Bass Guitar,https://www.ebay.com/shop/paul-mccartney-signed-guitar?_nkw=paul+mccartney+signed+guitar,https://i.ebayimg.com/images/g/qw8AAOSwQAFmv2df/s-l500.webp
8,2,Celebrities & Entertainment Icons,Entertainment Collectibles,Jersey Shore Box Set,https://www.amazon.com/Jersey-Shore-Complete-Paul-DelVecchio/dp/B00ALTQRIY,https://m.media-amazon.com/images/I/91BA-c9f47L._SX385_.jpg
8,3,"Football, Tennis & MMA",Football Superstar Gear,Cristiano Ronaldo Signed Jerseys,https://www.ebay.com/b/Cristiano-Ronaldo-Soccer-Original-Autographed-Jerseys/27289/bn_7112558517,https://i.ebayimg.com/thumbs/images/g/TMQAAOSwQF1mSJXM/s-l1200.webp
8,3,"Football, Tennis & MMA",Football Superstar Gear,Neymar Signature Football Boots,https://www.footballbootsdb.com/player/Neymar/40352/,https://www.footballbootsdb.com/logos/boots/2023/09/650c4f14a64a9.png?t=webp
8,3,"Football, Tennis & MMA",Football Superstar Gear,Mesut Özil Training Kits,https://www.teamzo.com/players/mesut-ozil,https://www.teamzo.com/images/timthumb/172/hero7.jpg
8,3,"Football, Tennis & MMA",Tennis Champion Equipment,Roger Federer Pro Tennis Racket,https://www.wilson.com/en-gb/tennis/collections/roger-federer,https://www.wilson.com/en-gb/media/catalog/product/article_images/WR166011U_/WR166011U__4c80089aa0b95a0e683d5e21eaa642d5.png?dpr=1&fit=bounds&orient=1&quality=95&optimize=high&format=pjpg&auto=webp&enable=upscale&width=777.65625&height=950.46875&canvas=777.65625%2C950.46875&bg-color=f5f5f5
8,3,"Football, Tennis & MMA",Tennis Champion Equipment,Rafael Nadal Performance Apparel,https://shop.rafanadalacademy.com/en/3-men,https://shoprafanadalacademy-9d29.kxcdn.com/3568-large_default/rafa-nadal-challenger-mens-white-tshirt.jpg
8,3,"Football, Tennis & MMA",Tennis Champion Equipment,Novak Djokovic Grand Slam Collection,https://www.e-tennis.com/tennis-pros-gear/djokovic.html,https://www.e-tennis.com/media/catalog/product/cache/9cb80aaa700fbabda1d30deb1d8f7ff5/1/0/1041a361_963_sr_rt_glb.webp
8,3,"Football, Tennis & MMA",MMA Fighter Essentials,UFC Fight Gloves,https://www.ufcstore.com/en/?_ref=p-HP%3Am-SEARCH&query=UFC+Fight+Gloves,https://images.footballfanatics.com/ufc-merchandise/gold-ufc-official-5eight-champion-fight-glove_ss5_p-201346521+u-eeqcztfh25rvd9i7g7pz+v-r8drty9yl2wtwvdfawqh.jpg?_hv=2&w=340
8,3,"Football, Tennis & MMA",MMA Fighter Essentials,Mike Tyson Boxing Training Bundle,https://www.walmart.com/ip/Mike-Tyson-Kid-s-Boxing-Set/5144272114,https://i5.walmartimages.com/seo/Mike-Tyson-Kid-s-Boxing-Set_4d191b07-43e9-4fa4-981e-d37b8bf771de.d8a2cc7216c384d1cfbf8763a674020a.jpeg?odnHeight=640&odnWidth=640&odnBg=FFFFFF
8,3,"Football, Tennis & MMA",MMA Fighter Essentials,MMA Performance Training Wear,https://www.amazon.com/s?k=mma+gear&adgrpid=80399723174&hvadid=673441911487&hvdev=c&hvlocphy=9074084&hvnetw=g&hvqmt=b&hvrand=8627503022994982000&hvtargid=kwd-38050582&hydadcr=29491_14778963&tag=hydglogoo-20&ref=pd_sl_7efs171afe_b,https://m.media-amazon.com/images/I/61rpQ9kmB5L._AC_UL480_FMwebp_QL65_.jpg
8,4,Pop Music & Entertainment,Pop Star Merchandise,BLACKPINK Light Stick,https://shop.weverse.io/en/shop/GL_USD/artists/32/sales/9619,https://cdn-contents.weverseshop.io/public/shop/c0bb0cade706c6aa6e1f830d047924a0.png?q=95&w=720
8,4,Pop Music & Entertainment,Pop Star Merchandise,"Taylor Swift ""Folklore"" Vinyl Record",https://www.amazon.com/folklore-Deluxe-VINYL-Taylor-Swift/dp/B08DSS7Y2M,https://m.media-amazon.com/images/I/617oudVIaRL._SX425_.jpg
8,4,Pop Music & Entertainment,Pop Star Merchandise,Harry Styles Fine Line Vinyl,https://vocrecords.vn/product/dia-than/harry-styles-fine-line-black-white/?srsltid=AfmBOopMbZdy8KjakUmC0fv0u9nPmxvi1G29uMWsTlrF0qy--MvZbXWI,https://vocrecords.vn/wp-content/uploads/2021/04/HarryStyles_FineLine_1-800x800.webp
8,4,Pop Music & Entertainment,Concert & Music Experiences,VIP Tickets to Martin Garrix at Upcoming Shows,https://martingarrix.com/tour/,https://images.thenightleague.com/cms/containers/assets/2024/2024_garrix/2024_ushuaia_martingarrix_launch_square-1080x1080px.jpg/402ec3b99c65680dee35d2b8442b28a6/2024_ushuaia_martingarrix_launch_square-1080x1080px.webp
8,4,Pop Music & Entertainment,Concert & Music Experiences,Private Streaming Concert with Carrie Underwood,https://www.jspevents.com/talent/carrie-underwood,https://images.discovery-prod.axs.com/2023/11/uploadedimage_6566352518510.jpg
8,4,Pop Music & Entertainment,Concert & Music Experiences,Virtual DJ Lessons,https://wearecrossfader.co.uk/virtual-dj-courses/,https://wearecrossfader.co.uk/wp-content/uploads/2022/03/HIPHOP-COURSE2-300x300.jpg
8,4,Pop Music & Entertainment,Pop Icon Collectibles,Lindsay Lohan Movie Memorabilia,https://www.hollywoodmemorabilia.com/en/lindsay-lohan/a-2476251546+z-965948-919448689,https://images.footballfanatics.com/lindsay-lohan-signed-framed-16x20-stockings-photo-set-jsa-mean-girls_ss1_p-202014288+u-lmnuuxhjonrnpipilrye+v-fqsvpgqgcnhyyfzkastx.jpg?_hv=2&w=340
8,4,Pop Music & Entertainment,Pop Icon Collectibles,Mariah Carey Holiday Album Collection,https://mariahcarey.store/collections/holiday-collection?srsltid=AfmBOorCqSc3g6wdyDReBTp-8qIaw4bh0UdyfrY7fmQM41iy6d1--5nI,https://mariahcarey.store/collections/holiday-collection/products/merry-christmas-photo-tee
8,4,Pop Music & Entertainment,Pop Icon Collectibles,Paul McCartney Autographed Guitar,https://www.ebay.com/sch/i.html?_from=R40&_trksid=p4550459.m570.l1313&_nkw=paul+mccartney+signed+guitar&_sacat=0&_odkw=paul+mccartney+signed+guitar,https://i.ebayimg.com/images/g/6MoAAOSwsQllYX2C/s-l500.webp
8,5,"Pop Culture Icons: Kardashian, Music & Fashion",Kardashian-Jenner Fashion & Beauty,Kylie Jenner Lip Kits,https://kyliecosmetics.com/collections/kylie-cosmetics-lips-lip-kits,https://kyliecosmetics.com/cdn/shop/products/gkmjgkgk26n0ejcomsdm.jpg?crop=center&height=600&v=1676330018&width=600
8,5,"Pop Culture Icons: Kardashian, Music & Fashion",Kardashian-Jenner Fashion & Beauty,Kim Kardashian Skims Collection,https://skims.com/,https://cdn.skims.com/images/hfqi0zm0/production/9be5d03a2096a1b7708196e4291d482a115d5839-3000x1298.jpg?w=1944&q=95&auto=format
8,5,"Pop Culture Icons: Kardashian, Music & Fashion",Kardashian-Jenner Fashion & Beauty,Kendall Jenner’s Model-Inspired Fashion,https://www.vogue.co.uk/fashion/article/kendall-jenner-style,"https://media.vogue.co.uk/photos/629494e673fcb8b791b84c36/2:3/w_1920,c_limit/GettyImages-1346773842.jpg"
8,5,"Pop Culture Icons: Kardashian, Music & Fashion",Pop Music Merchandise,Britney Spears Iconic Merch,https://store.britneyspears.com/,https://store.britneyspears.com/cdn/shop/files/BS_BOMT_banner1_fad32866-7966-4439-961e-b09d97a715c3.png?v=1705073038&width=1600
8,5,"Pop Culture Icons: Kardashian, Music & Fashion",Pop Music Merchandise,Lady Gaga Collections,https://shop.ladygaga.com/,https://shop.ladygaga.com/cdn/shop/files/Banner_Desktop-02.png?v=1727192456&width=2000
8,5,"Pop Culture Icons: Kardashian, Music & Fashion",Pop Music Merchandise,Zendaya Music & Movie Combo Box Set,https://www.amazon.com/Spider-man-Collection-Blu-ray-Spider-Verse-Homecoming/dp/B08FV6TRSH,https://m.media-amazon.com/images/I/51mICCdRL6L._SX342_.jpg
8,5,"Pop Culture Icons: Kardashian, Music & Fashion",Celebrity Fashion & Lifestyle,Beyoncé Ivy Park Collection,https://www.vanityfair.com/style/photos/2021/12/beyonces-new-ivy-park-new-collection-is-here-shop-the-halls-of-ivy,https://media.vanityfair.com/photos/61b11d0c79f401e1b62bec8f/3:4/w_1920%2Cc_limit/HC5969_FR_Torso.jpg
8,5,"Pop Culture Icons: Kardashian, Music & Fashion",Celebrity Fashion & Lifestyle,Serena Williams x Nike Tennis Apparel,Serena Williams Collection. Nike.com,"https://static.nike.com/a/images/c_limit,w_592,f_auto/t_product_v1/39f91efc-7cd7-4742-ba66-949f38823e8f/W+NSW+SWDC+OS+BOMBER.png"
8,5,"Pop Culture Icons: Kardashian, Music & Fashion",Celebrity Fashion & Lifestyle,Miley Cyrus Vintage Rock Apparel,https://shop.mileycyrus.com/,https://shop.mileycyrus.com/cdn/shop/files/FlatlayFront_360x.png?v=1715892795
8,6,"NBA, WWE & Celebrity TV Hosts",NBA Superstar Merchandise,LeBron James Official Jerseys,https://global.nbastore.com/en/?CMP=FUS-KYDILES9&portal=KYDILES9,https://images.footballfanatics.com/ohio-bobcats/ncaa-ohio-college-basketball-jersey-lebron-james-mens_ss5_p-200411184+u-pwsmtovlsuqucdgrd3q7+v-ts0oyykl1adviydiltkq.jpg?_hv=2&w=340
8,6,"NBA, WWE & Celebrity TV Hosts",NBA Superstar Merchandise,"Kobe Bryant ""Mamba Forever"" Hoodie",https://stockx.com/nike-kobe-bryant-mamba-hoodie-black?msockid=297aa8aeecfe680f1fe3bcd6ed986912,https://images.stockx.com/images/vertical/Nike-Kobe-Bryant-Mamba-Hoodie-Black_1.jpg?fit=fill&bg=FFFFFF&w=396&h=504&auto=compress&dpr=1&fm=avif&q=57
8,6,"NBA, WWE & Celebrity TV Hosts",NBA Superstar Merchandise,NBA All-Star Game Tickets,https://nbaexperiences.com/nba-all-star-2025?adgroupid=158505686626&utm_campaign=21018554355&utm_source=google&utm_medium=cpc&utm_content=690968965194&utm_term=all%20star%20weekend%202025&gad_source=1&gclid=Cj0KCQjwo8S3BhDeARIsAFRmkOO4f49vhbvMToKCqdbiwHmQQM3RuUqm49E8fYEeHBWBZJmr34diKUUaAp8XEALw_wcB,https://assets.quintevents.com/m/6c8716490d2f864b/72_DPI_WEB-NBA-Experiences-2024-All-Star-EXP-Lounge-001.jpg
8,6,"NBA, WWE & Celebrity TV Hosts",WWE Superstar Gear,"Randy Orton ""RKO"" Apparel",https://shop.wwe.com/en/randy-orton/t-8999536371+z-7898-20994281,https://images.footballfanatics.com/mens-black-randy-orton-and-kevin-owens-r-ko-duct-tape-t-shirt_ss5_p-201639184+u-4nexozpcfb4dfy3tlsge+v-70tk4a7gntxpbzqkgta3.jpg?_hv=2&w=340
8,6,"NBA, WWE & Celebrity TV Hosts",WWE Superstar Gear,UFC Fight Gloves,https://www.ufcstore.com/en/?_ref=p-HP%3Am-SEARCH&query=UFC+Fight+Gloves,https://images.footballfanatics.com/ufc-merchandise/gold-ufc-official-5eight-champion-fight-glove_ss5_p-201346521+u-eeqcztfh25rvd9i7g7pz+v-r8drty9yl2wtwvdfawqh.jpg?_hv=2&w=340
8,6,"NBA, WWE & Celebrity TV Hosts",WWE Superstar Gear,Fantasy WWE Action Figures,https://shop.mattel.com/collections/wwe,"https://images.mattel.net/image/upload/w_360,c_scale/shop-us-prod/files/hj5xouxwd3f8rd5x5cp2.png?v=1717529306"
8,6,"NBA, WWE & Celebrity TV Hosts",Celebrity TV Host Products,Steve Harvey Motivational Book Collection,https://www.harpercollins.com/collections/books-by-steve-harvey-10123,https://cdn.shopify.com/s/files/1/0285/2821/4050/files/9780062220332_medium.jpg?v=1725748353
8,6,"NBA, WWE & Celebrity TV Hosts",Celebrity TV Host Products,Gordon Ramsay Cookware Set,https://www.royaldoulton.com/en-qa/collections/a-to-z/gordon-ramsay?srsltid=AfmBOooXgV0aTKaaejbA6xWr6CfRxl08bHWJTAVsP6OdrxGIaRvQIsZS#aq=%40categories%20%3D%3D%20(%22GR%20bread%20street%20dark%20red%22%2C%22GR%20bread%20street%20slate%22%2C%22GR%20bread%20street%20white%22%2C%22GR%20knives%22%2C%22GR%20Maze%20blue%22%2C%22GR%20Maze%20dark%20grey%22%2C%22GR%20Maze%20denim%22%2C%22GR%20Maze%20grill%20blue%22%2C%22GR%20Maze%20grill%20white%22%2C%22GR%20Maze%20Light%20grey%22%2C%22GR%20Maze%20taupe%22%2C%22GR%20Maze%20teal%22%2C%22GR%20Maze%20White%22%2C%22GR%20Union%20street%20cream%22%2C%22GR%20Union%20street%20grey%22%2C%22GR%20Union%20street%20teal%22%2C%22GR%20Outlet%22)&numberOfResults=28,https://www.royaldoulton.com/-/media/royaldoulton/images/50-50-component/2023/gordon-ramsay/intro_to_gordon_maze_denim.jpg?q=100&iw=1010&ih=568&crop=1
8,6,"NBA, WWE & Celebrity TV Hosts",Celebrity TV Host Products,Family Feud Game,https://www.amazon.com/family-feud-game/s?k=family+feud+game,https://m.media-amazon.com/images/I/91EYnxM7UIL._AC_UL480_FMwebp_QL65_.jpg
8,7,Talk Show Hosts & Hollywood Actors,Hollywood Star Merchandise,Charlize Theron Film Collection,https://www.amazon.com/Blu-ray-Charlize-Theron-Movies-TV/s?rh=n%3A2901953011%2Cp_lbr_actors_browse-bin%3ACharlize+Theron,https://m.media-amazon.com/images/I/91ZEcG4-qSL._AC_UY327_FMwebp_QL65_.jpg
8,7,Talk Show Hosts & Hollywood Actors,Hollywood Star Merchandise,Jessica Chastain Signature Apparel,https://us.vestiairecollective.com/c/us-jessica-chastain-closet-sale-shop-the-look-11373/,"https://images.vestiairecollective.com/images/resized/w=375,q=75,f=auto,/produit/blue-synthetic-balenciaga-dress-37071346-1.jpg"
8,7,Talk Show Hosts & Hollywood Actors,Hollywood Star Merchandise,Jennifer Aniston Friends Memorabilia,https://www.hollywoodmemorabilia.com/en/jennifer-aniston/a-2316580916+z-935702-3481594928,https://images.footballfanatics.com/2003-jennifer-aniston-bazaar-magazine-no-label-scarce-/-vintage_ss1_p-100915720+u-whamkjuatrvjlvfeklyv+v-awyvqrqvjzopuyghtucp.jpg?_hv=2&w=340
8,7,Talk Show Hosts & Hollywood Actors,TV Show Experiences & Merchandise,TV Show Tickets in New York City,https://www.tvtaping.com/tickets,https://dxan6czxprkid.cloudfront.net/images/_x300/pyramid-featured-1024x768.jpg
8,7,Talk Show Hosts & Hollywood Actors,TV Show Experiences & Merchandise,Sarah Silverman Political Comedy Specials,https://www.amazon.com/s?k=Sarah+Silverman+Political+Comedy+Specials&crid=38JQSL1LR5X4K&sprefix=charlize+theron%2Caps%2C1248&ref=nb_sb_noss_1,https://m.media-amazon.com/images/I/A1qp4KDeJ4L._AC_UY327_FMwebp_QL65_.jpg
8,7,Talk Show Hosts & Hollywood Actors,TV Show Experiences & Merchandise,Phillip Schofield Autobiography Bundle,https://www.ebay.co.uk/itm/294579864501,https://i.ebayimg.com/images/g/ZdsAAOSw68Nhn9Y3/s-l1600.webp
8,7,Talk Show Hosts & Hollywood Actors,Celebrity Lifestyle & Fan Engagement,Jennifer Lawrence Beauty Collection,https://stealherstyle.net/jennifer-lawrence/?post_type=makeup,https://stealherstyle.net/wp-content/uploads/2018/03/jennifer-lawrence-makeup-35.jpg
8,7,Talk Show Hosts & Hollywood Actors,Celebrity Lifestyle & Fan Engagement,Hollywood Celebrity Meet & Greet Events,https://www.eventbrite.com/d/ca--los-angeles/celebrity-meet-and-greet/,https://img.evbuc.com/https%3A%2F%2Fcdn.evbuc.com%2Fimages%2F855814139%2F493314977439%2F1%2Foriginal.20240921-013804?crop=focalpoint&fit=crop&h=230&w=460&auto=format%2Ccompress&q=75&sharp=10&fp-x=0.0208333333333&fp-y=0.481412639405&s=c335bbef51e26e7875ce2baf27b0e139
8,7,Talk Show Hosts & Hollywood Actors,Celebrity Lifestyle & Fan Engagement,Jessica Chastain Film Memorabilia,https://www.hollywoodmemorabilia.com/en/jessica-chastain/a-4629636769+z-946355-3963235140,https://images.footballfanatics.com/jessica-chastain-sign-autographed-11x14-photo-sexy-playing-with-hair-jsa-al29674_ss1_p-201112736+u-ihwnneibayocbpqhvegs+v-unixbyersvxhjwyobsrj.jpg?_hv=2&w=340
8,8,Bollywood & Cricket,Bollywood DVDs and Blu-rays,Shah Rukh Khan and Salman Khan Films,https://www.amazon.com/King-Shahrukh-Bollywood-English-Subtitles/dp/B004F0LEMO,https://m.media-amazon.com/images/I/81e-QoGIreL._SY445_.jpg
8,8,Bollywood & Cricket,Bollywood DVDs and Blu-rays,Blockbuster Bollywood: Top 10 Movies Collection,https://www.amazon.com/Movies-Bollywood-Blu-ray/s?rh=n%3A2901954011%2Cp_n_theme_browse-bin%3A7661505011,https://m.media-amazon.com/images/I/91+l7t13-XL._AC_UY327_FMwebp_QL65_.jpg
8,8,Bollywood & Cricket,Bollywood DVDs and Blu-rays,Cricket and Cinema: Bollywood Films About the Favorite Sport of India,https://www.cricketvideo.com/index.php?cPath=22,"https://m.media-amazon.com/images/I/51f075mfuAL._AC_UF894,1000_QL80_.jpg"
8,8,Bollywood & Cricket,Event Tickets,Bollywood Movie Premiere Night Experience,https://www.premiertickets.co/event/bollywood-trivia-night-at-tamasha/,https://www.premiertickets.co/assets/uploads/2024/09/Bollywood-trivia.jpg
8,8,Bollywood & Cricket,Event Tickets,Live in Concert: Bollywood Stars Tour,https://events.sulekha.com/bollywood-event-tickets,https://az827626.vo.msecnd.net/cdn/events/images/2024-09-16-03-50-42-790_69.webp
8,8,Bollywood & Cricket,Event Tickets,Cricket World Cup Final: VIP Seats,https://www.seatunique.com/sport-tickets/cricket,"https://res.cloudinary.com/dw36awwm5/image/upload/q_70/w_1920,h_500,c_fill,g_auto,f_auto,f_avif/v1695634928/t8er2pyccm1vobzgtydl"
8,8,Bollywood & Cricket,Cricket Gear,Cricket Batting Gloves,https://www.prodirectsport.com/cricket/l/adults/departments-protection/activity-cricket/type-gloves/bestfor-batting/,https://images.prodirectsport.com/ProductImages/Main/233507_Main_Thumb_0921135.jpg
8,8,Bollywood & Cricket,Cricket Gear,Cricket Bat,https://www.amazon.com/Cricket-Bats/b?node=3403051,https://m.media-amazon.com/images/I/71f0YCwN3sL._AC_UL480_FMwebp_QL65_.jpg
8,8,Bollywood & Cricket,Cricket Gear,Cricket Leg Pads,https://cricketdirect.co.uk/collections/batting-pads,https://cricketdirect.co.uk/cdn/shop/products/3C24411-Aura-Pro_87b6f605-2e6c-49fe-9e66-3c7914879308_600x.jpg?v=1698752046
